City_ID,City,Country,Date,Lat,Lng,Max Temp,Humidity,Cloudiness,Wind Speed,Current Description
0,Mar Del Plata,AR,2021-09-27 01:18:41,-38.0023,-57.5575,54.09,66,90,4.0,overcast clouds
1,Kapaa,US,2021-09-27 01:19:10,22.0752,-159.319,84.18,73,75,5.01,light rain
2,Mataura,NZ,2021-09-27 01:18:39,-46.1927,168.8643,51.48,35,6,2.44,clear sky
3,Sao Filipe,CV,2021-09-27 01:19:10,14.8961,-24.4956,78.58,80,87,5.23,overcast clouds
4,Egvekinot,RU,2021-09-27 01:19:11,66.3167,-179.1667,26.69,71,9,2.8,clear sky
5,Yokadouma,CM,2021-09-27 01:19:11,3.5167,15.05,67.33,98,99,2.39,light rain
6,Pangai,TO,2021-09-27 01:19:12,-19.8,-174.35,78.91,47,75,5.75,broken clouds
7,Manati,PR,2021-09-27 01:19:12,18.4275,-66.4921,83.86,89,38,6.71,scattered clouds
8,Hermanus,ZA,2021-09-27 01:18:33,-34.4187,19.2345,58.89,90,73,6.13,broken clouds
9,Lavrentiya,RU,2021-09-27 01:19:13,65.5833,-171.0,34.03,82,71,4.45,broken clouds
10,Henties Bay,NA,2021-09-27 01:19:13,-22.116,14.2845,55.85,94,17,5.08,few clouds
11,Tuatapere,NZ,2021-09-27 01:19:13,-46.1333,167.6833,51.82,44,5,2.19,clear sky
12,Esperance,AU,2021-09-27 01:19:14,-33.8667,121.9,58.84,88,81,12.15,broken clouds
13,Formello,IT,2021-09-27 01:19:14,42.0801,12.3998,73.11,76,33,2.13,scattered clouds
14,Malanje,AO,2021-09-27 01:19:14,-9.5402,16.341,66.0,74,92,5.01,overcast clouds
15,Hobart,AU,2021-09-27 01:18:42,-42.8794,147.3294,57.25,49,20,4.0,few clouds
16,Urumqi,CN,2021-09-27 01:19:15,43.801,87.6005,52.75,35,0,4.47,clear sky
17,Albany,US,2021-09-27 01:17:16,42.6001,-73.9662,56.59,84,1,5.03,clear sky
18,Rikitea,PF,2021-09-27 01:19:16,-23.1203,-134.9692,73.78,72,2,19.42,clear sky
19,Port Alfred,ZA,2021-09-27 01:19:16,-33.5906,26.891,64.33,91,25,19.57,scattered clouds
20,Asnaes,DK,2021-09-27 01:19:17,55.8123,11.5013,58.24,94,100,13.0,overcast clouds
21,Sabha,LY,2021-09-27 01:19:17,27.0377,14.4283,71.42,30,0,8.88,clear sky
22,Markala,ML,2021-09-27 01:19:17,13.7021,-6.0659,79.41,63,26,10.45,scattered clouds
23,La Romana,DO,2021-09-27 01:19:18,18.4273,-68.9728,80.33,94,75,0.0,broken clouds
24,Khatanga,RU,2021-09-27 01:18:40,71.9667,102.5,28.85,91,91,9.35,overcast clouds
25,Ponta Do Sol,PT,2021-09-27 01:19:18,32.6667,-17.1,70.43,68,27,3.36,scattered clouds
26,Atuona,PF,2021-09-27 01:18:31,-9.8,-139.0333,78.12,72,6,17.22,clear sky
27,Ushuaia,AR,2021-09-27 01:18:37,-54.8,-68.3,40.66,87,0,6.91,clear sky
28,Saint-Georges,GD,2021-09-27 01:19:19,12.0564,-61.7485,80.28,83,20,0.0,few clouds
29,Busselton,AU,2021-09-27 01:19:20,-33.65,115.3333,60.04,80,48,13.8,scattered clouds
30,Riyadh,SA,2021-09-27 01:18:55,24.6877,46.7219,77.14,30,93,8.12,overcast clouds
31,Salinas,US,2021-09-27 01:15:48,36.6777,-121.6555,72.57,73,40,11.5,scattered clouds
32,East London,ZA,2021-09-27 01:18:39,-33.0153,27.9116,66.0,82,79,17.56,broken clouds
33,Bluff,NZ,2021-09-27 01:19:21,-46.6,168.3333,51.8,53,7,5.35,clear sky
34,Husavik,IS,2021-09-27 01:19:21,66.0449,-17.3389,33.71,98,100,29.48,heavy snow
35,Waipawa,NZ,2021-09-27 01:19:21,-41.4122,175.5153,47.44,89,100,9.75,light rain
36,Koppal,IN,2021-09-27 01:14:26,15.35,76.15,72.91,85,100,12.24,overcast clouds
37,Ust-Kulom,RU,2021-09-27 01:19:22,61.6864,53.6902,36.75,85,100,8.05,overcast clouds
38,Buta,CD,2021-09-27 01:19:22,2.7858,24.73,66.85,99,75,0.69,light rain
39,Magog,CA,2021-09-27 01:14:27,45.2668,-72.1491,57.9,75,87,6.49,overcast clouds
40,Chokurdakh,RU,2021-09-27 01:19:23,70.6333,147.9167,27.14,88,100,19.39,light snow
41,Bud,US,2021-09-27 01:19:23,39.447,-86.1758,68.34,67,95,8.84,overcast clouds
42,Kysyl-Syr,RU,2021-09-27 01:19:24,63.8986,122.7617,36.84,73,93,9.31,overcast clouds
43,Tuktoyaktuk,CA,2021-09-27 01:18:35,69.4541,-133.0374,33.8,86,75,16.11,light rain
44,Hilo,US,2021-09-27 01:19:14,19.7297,-155.09,87.28,84,90,9.22,moderate rain
45,Touros,BR,2021-09-27 01:19:24,-5.1989,-35.4608,76.1,82,39,15.7,scattered clouds
46,Piet Retief,ZA,2021-09-27 01:19:25,-27.0071,30.8132,54.23,86,0,3.18,clear sky
47,Pyaozerskiy,RU,2021-09-27 01:19:25,65.8333,31.1667,44.58,87,100,7.34,overcast clouds
48,Veinticinco De Mayo,AR,2021-09-27 01:19:26,-35.4323,-60.1727,59.05,73,100,7.0,overcast clouds
49,Otane,NZ,2021-09-27 01:19:26,-39.8833,176.6333,54.01,89,100,7.52,overcast clouds
50,Goderich,CA,2021-09-27 01:19:26,43.7501,-81.7165,62.92,59,100,8.05,overcast clouds
51,Sibolga,ID,2021-09-27 01:19:27,1.7427,98.7792,75.92,93,100,1.01,light rain
52,Cidreira,BR,2021-09-27 01:19:27,-30.1811,-50.2056,64.8,95,2,9.01,clear sky
53,Vaini,TO,2021-09-27 01:18:36,-21.2,-175.2,77.16,83,75,6.91,broken clouds
54,Jamestown,US,2021-09-27 01:18:38,42.097,-79.2353,61.34,79,1,1.99,clear sky
55,Saskylakh,RU,2021-09-27 01:19:28,71.9167,114.0833,34.95,99,100,11.88,overcast clouds
56,Muriwai Beach,NZ,2021-09-27 01:19:28,-36.8167,174.45,59.95,55,100,9.6,overcast clouds
57,Port Lincoln,AU,2021-09-27 01:15:15,-34.7333,135.8667,65.7,47,100,15.73,overcast clouds
58,Iqaluit,CA,2021-09-27 01:19:29,63.7506,-68.5145,35.33,87,75,11.99,broken clouds
59,Kaseda,JP,2021-09-27 01:19:29,31.4167,130.3167,81.63,68,11,9.64,few clouds
60,Heze,CN,2021-09-27 01:19:29,35.2431,115.4411,66.87,92,100,10.58,overcast clouds
61,Itarema,BR,2021-09-27 01:19:30,-2.9248,-39.9167,78.91,83,4,17.47,clear sky
62,Salalah,OM,2021-09-27 01:19:30,17.0151,54.0924,80.69,89,40,3.44,scattered clouds
63,Chuy,UY,2021-09-27 01:19:31,-33.6971,-53.4616,57.4,94,11,5.59,few clouds
64,Ejea De Los Caballeros,ES,2021-09-27 01:19:31,42.1263,-1.1372,68.88,54,100,4.81,overcast clouds
65,Cape Town,ZA,2021-09-27 01:18:38,-33.9258,18.4232,60.28,74,35,1.99,scattered clouds
66,Maua,BR,2021-09-27 01:19:31,-23.6678,-46.4614,70.36,72,100,2.86,overcast clouds
67,Oriximina,BR,2021-09-27 01:19:32,-1.7656,-55.8661,79.45,68,52,2.19,broken clouds
68,Ponte De Sor,PT,2021-09-27 01:19:32,39.2496,-8.0101,63.72,92,100,4.47,overcast clouds
69,Cabo San Lucas,MX,2021-09-27 01:14:37,22.8909,-109.9124,89.62,74,5,1.01,clear sky
70,Gamba,GA,2021-09-27 01:19:33,-2.65,10.0,75.9,86,100,3.42,overcast clouds
71,Yellowknife,CA,2021-09-27 01:18:40,62.456,-114.3525,43.32,77,20,2.3,few clouds
72,Shache,CN,2021-09-27 01:19:34,38.4167,77.2406,63.05,25,0,5.95,clear sky
73,Longyearbyen,SJ,2021-09-27 01:19:34,78.2186,15.6401,37.24,87,75,16.11,light intensity drizzle
74,Punta Arenas,CL,2021-09-27 01:15:33,-53.15,-70.9167,39.31,81,20,9.22,few clouds
75,Isangel,VU,2021-09-27 01:15:18,-19.55,169.2667,75.83,61,74,8.16,broken clouds
76,Taoudenni,ML,2021-09-27 01:19:35,22.6783,-3.9836,92.12,11,9,8.93,clear sky
77,Provideniya,RU,2021-09-27 01:19:36,64.3833,-173.3,41.11,56,0,8.95,clear sky
78,Tiksi,RU,2021-09-27 01:19:36,71.6872,128.8694,33.62,96,100,7.02,light rain
79,Pepel,SL,2021-09-27 01:19:37,8.5817,-13.0628,76.68,90,100,3.06,light rain
80,Constitucion,CL,2021-09-27 01:18:31,-35.3333,-72.4167,49.96,79,22,10.74,few clouds
81,Oranjestad,AW,2021-09-27 01:19:37,12.524,-70.027,84.15,83,20,7.0,few clouds
82,Linhares,BR,2021-09-27 01:19:38,-19.3911,-40.0722,69.44,84,46,1.34,scattered clouds
83,Kirakira,SB,2021-09-27 01:19:38,-10.4544,161.9205,84.9,71,100,11.63,overcast clouds
84,Clyde River,CA,2021-09-27 01:19:38,70.4692,-68.5914,25.97,87,26,7.87,scattered clouds
85,Matara,LK,2021-09-27 01:19:39,5.9485,80.5353,76.73,89,100,18.19,overcast clouds
86,Ancud,CL,2021-09-27 01:16:16,-41.8697,-73.8203,38.73,81,89,5.46,overcast clouds
87,Jhalu,IN,2021-09-27 01:19:39,29.35,78.25,75.58,81,0,3.62,clear sky
88,Puerto Ayora,EC,2021-09-27 01:19:39,-0.7393,-90.3518,69.28,90,99,8.37,overcast clouds
89,Guerrero Negro,MX,2021-09-27 01:19:40,27.9769,-114.0611,70.95,71,0,18.39,clear sky
90,New Norfolk,AU,2021-09-27 01:19:40,-42.7826,147.0587,56.91,46,40,4.09,scattered clouds
91,Ahipara,NZ,2021-09-27 01:19:41,-35.1667,173.1667,57.04,62,100,11.05,light rain
92,Eyl,SO,2021-09-27 01:19:41,7.9803,49.8164,80.55,67,89,16.96,overcast clouds
93,Damietta,EG,2021-09-27 01:19:41,31.4165,31.8133,74.98,68,5,7.83,clear sky
94,Kavieng,PG,2021-09-27 01:19:42,-2.5744,150.7967,83.86,72,39,8.99,scattered clouds
95,Molteno,ZA,2021-09-27 01:19:42,-31.3968,26.3625,61.38,16,0,6.17,clear sky
96,Anzio,IT,2021-09-27 01:19:43,41.4853,12.6179,74.52,99,17,8.68,few clouds
97,Arraial Do Cabo,BR,2021-09-27 01:17:49,-22.9661,-42.0278,71.26,85,60,22.21,broken clouds
98,Borovoy,RU,2021-09-27 01:19:43,55.4333,86.0833,33.08,100,90,6.71,fog
99,Lompoc,US,2021-09-27 01:16:28,34.6391,-120.4579,65.57,80,1,8.05,clear sky
100,Port Elizabeth,ZA,2021-09-27 01:19:44,-33.918,25.5701,62.89,94,0,11.5,clear sky
101,Ballina,AU,2021-09-27 01:19:44,-28.8667,153.5667,63.79,55,75,10.09,broken clouds
102,Hithadhoo,MV,2021-09-27 01:19:45,-0.6,73.0833,82.2,74,100,17.56,overcast clouds
103,Buenos Aires,AR,2021-09-27 01:15:03,-34.6132,-58.3772,69.03,76,0,8.05,clear sky
104,Lima,PE,2021-09-27 01:18:08,-12.0432,-77.0282,59.25,86,90,6.91,overcast clouds
105,Marinette,US,2021-09-27 01:19:45,45.1,-87.6307,62.31,88,1,0.0,clear sky
106,Hamilton,US,2021-09-27 01:15:30,39.1834,-84.5333,66.58,65,1,0.0,clear sky
107,Shingu,JP,2021-09-27 01:19:46,33.7333,135.9833,74.39,85,99,9.8,overcast clouds
108,Upernavik,GL,2021-09-27 01:18:08,72.7868,-56.1549,23.77,64,0,3.83,clear sky
109,Andreapol,RU,2021-09-27 01:19:47,56.6513,32.2664,45.81,95,100,7.05,overcast clouds
110,Thompson,CA,2021-09-27 01:19:47,55.7435,-97.8558,51.96,82,20,2.3,few clouds
111,Butaritari,KI,2021-09-27 01:19:48,3.0707,172.7902,83.97,72,99,15.88,overcast clouds
112,Poya,NC,2021-09-27 01:19:48,-21.35,165.15,77.65,48,3,8.41,clear sky
113,Kodiak,US,2021-09-27 01:19:48,57.79,-152.4072,47.53,55,0,11.1,clear sky
114,Adrar,MR,2021-09-27 01:19:49,20.5022,-10.0711,91.76,12,0,9.4,clear sky
115,Mattru,SL,2021-09-27 01:19:49,7.6244,-11.8332,73.36,98,100,2.01,light rain
116,Leningradskiy,RU,2021-09-27 01:19:50,69.3833,178.4167,29.14,77,100,7.11,overcast clouds
117,Linfen,CN,2021-09-27 01:19:50,36.0889,111.5189,64.6,87,100,2.15,overcast clouds
118,Narsaq,GL,2021-09-27 01:19:51,60.9167,-46.05,32.22,51,0,6.13,clear sky
119,Sorland,NO,2021-09-27 01:19:51,67.667,12.6934,53.46,86,99,14.52,overcast clouds
120,Coromandel,BR,2021-09-27 01:19:51,-18.4733,-47.2003,67.05,71,56,8.23,broken clouds
121,La Maddalena,IT,2021-09-27 01:19:52,41.2142,9.4083,75.36,92,100,15.39,overcast clouds
122,Humboldt,US,2021-09-27 01:19:52,40.6665,-123.9178,59.59,54,9,4.29,clear sky
123,Avarua,CK,2021-09-27 01:19:53,-21.2078,-159.775,78.85,69,40,4.61,scattered clouds
124,Walvis Bay,NA,2021-09-27 01:19:53,-22.9575,14.5053,56.08,100,96,4.61,overcast clouds
125,Shenjiamen,CN,2021-09-27 01:19:53,29.9576,122.298,78.42,82,26,8.57,scattered clouds
126,Souillac,MU,2021-09-27 01:19:54,-20.5167,57.5167,68.38,94,75,18.41,light intensity shower rain
127,Kudat,MY,2021-09-27 01:19:54,6.8837,116.8477,84.13,84,20,3.44,few clouds
128,Bethel,US,2021-09-27 01:19:54,41.3712,-73.414,63.81,81,1,0.0,clear sky
129,Hazorasp,UZ,2021-09-27 01:19:55,41.3194,61.0742,51.64,57,0,9.19,clear sky
130,Ust-Nera,RU,2021-09-27 01:19:55,64.5667,143.2,36.81,68,30,4.43,scattered clouds
131,Itaituba,BR,2021-09-27 01:19:56,-4.2761,-55.9836,79.41,69,90,1.92,light rain
132,Bredasdorp,ZA,2021-09-27 01:18:30,-34.5322,20.0403,58.32,88,39,4.61,scattered clouds
133,Yarmolyntsi,UA,2021-09-27 01:19:56,49.1924,26.8373,47.46,81,99,4.72,overcast clouds
134,Tura,IN,2021-09-27 01:18:33,25.5198,90.2201,78.37,83,7,2.68,clear sky
135,Karratha,AU,2021-09-27 01:19:57,-20.7377,116.8463,75.45,34,0,11.34,clear sky
136,Avera,US,2021-09-27 01:19:57,33.194,-82.5271,68.72,55,0,1.97,clear sky
137,Leh,IN,2021-09-27 01:19:58,34.1667,77.5833,51.93,32,0,2.75,clear sky
138,Vestmannaeyjar,IS,2021-09-27 01:19:58,63.4427,-20.2734,43.52,75,100,11.54,overcast clouds
139,Cabedelo,BR,2021-09-27 01:19:58,-6.9811,-34.8339,75.87,84,37,17.72,scattered clouds
140,Dombas,NO,2021-09-27 01:19:59,62.0696,9.1235,44.38,99,100,8.59,overcast clouds
141,Corpus Christi,US,2021-09-27 01:19:33,27.8006,-97.3964,80.6,74,20,5.01,few clouds
142,Vila Franca Do Campo,PT,2021-09-27 01:19:59,37.7167,-25.4333,70.2,92,100,7.27,overcast clouds
143,Arrifes,PT,2021-09-27 01:20:00,37.7667,-25.7,68.23,94,75,8.05,broken clouds
144,Severo-Kurilsk,RU,2021-09-27 01:20:00,50.6789,156.125,52.45,82,66,12.33,broken clouds
145,Batagay,RU,2021-09-27 01:20:00,67.6333,134.6333,36.3,74,96,6.44,overcast clouds
146,Ribeira Grande,PT,2021-09-27 01:20:01,38.5167,-28.7,68.2,73,78,23.11,broken clouds
147,Bereda,ES,2021-09-27 01:20:02,43.2686,-7.5406,63.41,86,100,9.44,overcast clouds
148,San Policarpo,PH,2021-09-27 01:20:02,12.1791,125.5072,84.13,69,100,3.76,overcast clouds
149,Asandh,IN,2021-09-27 01:20:03,29.5167,76.6,75.54,82,0,4.63,clear sky
150,Akureyri,IS,2021-09-27 01:20:03,65.6835,-18.0878,33.73,93,90,19.57,moderate rain
151,San Patricio,US,2021-09-27 01:20:04,28.017,-97.5169,80.46,61,100,11.12,overcast clouds
152,Victoria,HK,2021-09-27 01:20:04,22.2855,114.1577,87.96,77,39,4.0,scattered clouds
153,Surgut,RU,2021-09-27 01:20:04,61.25,73.4167,30.38,93,0,4.47,clear sky
154,Muros,ES,2021-09-27 01:20:05,42.7762,-9.0603,68.23,83,100,18.61,overcast clouds
155,Alihe,CN,2021-09-27 01:20:05,50.5667,123.7167,53.02,71,0,10.58,clear sky
156,Killybegs,IE,2021-09-27 01:20:06,54.6333,-8.45,49.44,83,100,6.98,overcast clouds
157,Kissidougou,GN,2021-09-27 01:20:06,9.1848,-10.0999,69.49,96,97,2.3,overcast clouds
158,Mahajanga,MG,2021-09-27 01:20:06,-15.7167,46.3167,68.02,64,20,3.44,few clouds
159,Tasiilaq,GL,2021-09-27 01:20:07,65.6145,-37.6368,32.16,68,15,5.28,few clouds
160,Guangzhou,CN,2021-09-27 01:20:07,23.1167,113.25,85.95,60,0,3.85,clear sky
161,Hasaki,JP,2021-09-27 01:20:07,35.7333,140.8333,75.29,62,54,17.65,broken clouds
162,Barrow,US,2021-09-27 01:20:08,71.2906,-156.7887,21.22,86,1,11.5,clear sky
163,Buraydah,SA,2021-09-27 01:18:04,26.326,43.975,73.85,33,93,6.38,overcast clouds
164,Port Hardy,CA,2021-09-27 01:18:40,50.6996,-127.4199,57.2,82,90,21.85,light rain
165,Saint-Philippe,RE,2021-09-27 01:20:09,-21.3585,55.7679,68.22,87,91,16.73,light rain
166,Manggar,ID,2021-09-27 01:20:09,-2.8833,108.2667,84.15,69,82,7.67,broken clouds
167,Puerto Escondido,MX,2021-09-27 01:20:10,15.85,-97.0667,81.84,78,100,0.72,overcast clouds
168,Nanortalik,GL,2021-09-27 01:20:10,60.1432,-45.2371,37.08,80,7,1.92,clear sky
169,Lumberton,US,2021-09-27 01:20:11,34.6182,-79.0086,70.21,51,0,4.54,clear sky
170,Awbari,LY,2021-09-27 01:20:11,26.5921,12.7805,72.9,21,0,5.82,clear sky
171,Sitka,US,2021-09-27 01:20:12,57.0531,-135.33,55.29,54,90,12.66,overcast clouds
172,Kushmurun,KZ,2021-09-27 01:15:24,52.4503,64.6311,46.2,35,100,22.75,overcast clouds
173,Padang,ID,2021-09-27 01:20:12,-0.9492,100.3543,78.26,88,100,3.67,overcast clouds
174,Dikson,RU,2021-09-27 01:20:13,73.5069,80.5464,35.6,86,100,23.26,overcast clouds
175,Oistins,BB,2021-09-27 01:20:13,13.0667,-59.5333,82.49,78,20,10.36,few clouds
176,Bagotville,AU,2021-09-27 01:20:14,-28.9833,153.4167,63.64,56,95,9.17,overcast clouds
177,Florianopolis,BR,2021-09-27 01:20:14,-27.6146,-48.5012,70.43,91,0,3.44,clear sky
178,College,US,2021-09-27 01:20:14,64.8569,-147.8028,35.55,74,75,3.44,broken clouds
179,Torbay,CA,2021-09-27 01:18:30,47.6666,-52.7314,54.75,92,40,14.97,scattered clouds
180,Camacha,PT,2021-09-27 01:20:15,33.0833,-16.3333,66.96,77,7,3.44,clear sky
181,Molepolole,BW,2021-09-27 01:20:15,-24.4066,25.4951,67.21,33,77,7.4,broken clouds
182,Malaya Serdoba,RU,2021-09-27 01:20:16,52.4661,44.9512,48.54,95,100,13.98,overcast clouds
183,Kempsey,AU,2021-09-27 01:20:16,-31.0833,152.8333,64.94,68,96,7.0,overcast clouds
184,Kayes,ML,2021-09-27 01:20:16,14.0,-11.0,79.3,80,100,1.12,overcast clouds
185,Nikolskoye,RU,2021-09-27 01:18:37,59.7035,30.7861,48.09,98,39,4.34,scattered clouds
186,Yulara,AU,2021-09-27 01:20:17,-25.2406,130.9889,84.04,10,100,14.97,overcast clouds
187,Catia La Mar,VE,2021-09-27 01:20:17,10.6038,-67.0303,84.4,84,32,9.22,scattered clouds
188,Gadwal,IN,2021-09-27 01:20:18,16.2333,77.8,73.71,92,66,9.64,moderate rain
189,Suhut,TR,2021-09-27 01:20:18,38.5311,30.5458,55.94,57,5,3.91,clear sky
190,Kieta,PG,2021-09-27 01:20:18,-6.2167,155.6333,85.69,65,64,4.12,light rain
191,San Quintin,MX,2021-09-27 01:20:19,30.4833,-115.95,68.49,75,33,12.41,scattered clouds
192,Abu Zabad,SD,2021-09-27 01:20:19,12.35,29.25,75.45,75,12,2.66,few clouds
193,Carnarvon,AU,2021-09-27 01:17:59,-24.8667,113.6333,68.07,60,40,11.5,scattered clouds
194,Uvalde,US,2021-09-27 01:20:20,29.3669,-99.767,81.52,19,1,5.75,clear sky
195,Georgetown,MY,2021-09-27 01:20:20,5.4112,100.3354,80.89,87,20,3.44,few clouds
196,Port Lavaca,US,2021-09-27 01:20:21,28.615,-96.6261,76.21,71,1,4.61,clear sky
197,Boysun,UZ,2021-09-27 01:20:21,38.2061,67.1986,62.24,22,0,8.03,clear sky
198,Great Falls,US,2021-09-27 01:18:49,47.5002,-111.3008,81.05,16,1,8.99,clear sky
199,Ust-Kuyga,RU,2021-09-27 01:20:22,70.0167,135.6,33.3,98,100,4.65,light snow
200,Chernyshevskiy,RU,2021-09-27 01:20:22,63.0128,112.4714,32.79,70,100,15.14,overcast clouds
201,Ayagoz,KZ,2021-09-27 01:20:23,47.9714,80.4392,34.97,38,100,15.59,overcast clouds
202,Soller,ES,2021-09-27 01:17:05,39.7662,2.7152,71.04,73,52,1.66,broken clouds
203,Ishigaki,JP,2021-09-27 01:20:23,24.3448,124.1572,86.13,79,20,13.8,few clouds
204,Asau,RO,2021-09-27 01:20:24,46.4333,26.4,56.32,90,1,2.01,light rain
205,Jacareacanga,BR,2021-09-27 01:20:24,-6.2222,-57.7528,73.15,96,67,2.51,broken clouds
206,Ambilobe,MG,2021-09-27 01:20:25,-13.2,49.05,67.44,72,11,3.53,few clouds
207,Luderitz,NA,2021-09-27 01:20:25,-26.6481,15.1594,57.16,95,52,15.75,broken clouds
208,Kamenka,RU,2021-09-27 01:20:26,51.3223,42.7678,48.2,91,100,15.28,light rain
209,Rohru,IN,2021-09-27 01:20:26,31.2167,77.75,60.22,81,0,3.89,clear sky
210,Mastic Beach,US,2021-09-27 01:20:26,40.7668,-72.8521,70.95,72,1,0.0,clear sky
211,Yashan,CN,2021-09-27 01:20:27,22.1975,109.9419,82.15,77,0,1.52,clear sky
212,Bose,IT,2021-09-27 01:20:27,45.4612,8.0137,60.15,88,7,4.59,clear sky
213,Aleksandrov Gay,RU,2021-09-27 01:20:28,50.147,48.5704,50.45,85,100,14.58,overcast clouds
214,Bonavista,CA,2021-09-27 01:20:28,48.6499,-53.1147,53.11,89,100,11.63,overcast clouds
215,Alekseyevka,RU,2021-09-27 01:20:29,50.6309,38.6903,48.38,80,100,15.39,overcast clouds
216,Ilulissat,GL,2021-09-27 01:20:29,69.2167,-51.1,19.42,49,1,3.44,clear sky
217,Grindavik,IS,2021-09-27 01:20:30,63.8424,-22.4338,39.67,81,90,32.21,overcast clouds
218,Qaanaaq,GL,2021-09-27 01:20:30,77.484,-69.3632,19.06,59,63,8.12,broken clouds
219,Xichang,CN,2021-09-27 01:20:30,27.8964,102.2634,65.41,90,69,1.86,broken clouds
220,Pahrump,US,2021-09-27 01:20:31,36.2083,-115.9839,90.25,22,2,1.99,clear sky
221,Rawson,AR,2021-09-27 01:20:31,-43.3002,-65.1023,50.99,37,6,0.54,clear sky
222,Hohhot,CN,2021-09-27 01:20:32,40.8106,111.6522,57.49,77,0,4.47,clear sky
223,Akropong,GH,2021-09-27 01:20:32,5.9746,-0.0854,74.35,96,100,5.14,light rain
224,Nelson Bay,AU,2021-09-27 01:20:32,-32.7167,152.15,67.08,51,24,1.99,few clouds
225,Alofi,NU,2021-09-27 01:20:33,-19.0595,-169.9187,80.49,61,100,6.91,overcast clouds
226,Comonfort,MX,2021-09-27 01:20:33,20.7167,-100.7667,71.13,62,100,5.14,overcast clouds
227,Bambous Virieux,MU,2021-09-27 01:20:33,-20.3428,57.7575,68.25,94,75,18.41,light intensity shower rain
228,Labuhan,ID,2021-09-27 01:20:34,-6.8844,112.2051,80.82,74,19,4.97,few clouds
229,Pisco,PE,2021-09-27 01:20:34,-13.7,-76.2167,60.85,82,0,9.22,clear sky
230,Chabahar,IR,2021-09-27 01:20:35,25.2919,60.643,80.83,77,56,1.23,broken clouds
231,Bealanana,MG,2021-09-27 01:20:35,-14.55,48.7333,53.74,96,51,4.21,broken clouds
232,Gogrial,SS,2021-09-27 01:20:35,8.5332,28.1004,71.22,89,97,2.48,overcast clouds
233,Castro,BR,2021-09-27 01:20:36,-24.7911,-50.0119,63.05,73,2,4.27,clear sky
234,Biskamzha,RU,2021-09-27 01:20:36,53.4497,89.5272,27.43,95,98,4.56,overcast clouds
235,Magadan,RU,2021-09-27 01:20:37,59.5667,150.8,44.71,51,0,2.37,clear sky
236,Kahului,US,2021-09-27 01:20:37,20.8947,-156.47,85.26,84,40,24.16,scattered clouds
237,Diamantino,BR,2021-09-27 01:20:38,-14.4086,-56.4461,77.14,63,91,3.18,overcast clouds
238,Santa Ines,BR,2021-09-27 01:20:38,-3.6667,-45.38,80.55,69,54,9.73,broken clouds
239,Caracollo,PE,2021-09-27 01:20:38,-14.9165,-70.6603,46.02,79,100,6.38,overcast clouds
240,Cherskiy,RU,2021-09-27 01:20:39,68.75,161.3,29.57,97,100,23.22,snow
241,Norman Wells,CA,2021-09-27 01:18:38,65.282,-126.8329,33.84,75,75,5.75,broken clouds
242,Don Sak,TH,2021-09-27 01:20:39,9.3168,99.6918,81.14,81,100,5.28,overcast clouds
243,Segou,ML,2021-09-27 01:20:40,13.4317,-6.2157,77.23,73,69,8.75,broken clouds
244,Vaitape,PF,2021-09-27 01:20:40,-16.5167,-151.75,79.97,69,3,12.28,clear sky
245,Fayaoue,NC,2021-09-27 01:20:41,-20.65,166.5333,72.52,59,15,9.01,few clouds
246,Toktogul,KG,2021-09-27 01:20:41,41.8708,72.9402,64.13,27,0,0.92,clear sky
247,Katsuura,JP,2021-09-27 01:20:42,35.1333,140.3,73.44,64,28,19.73,scattered clouds
248,Puerto Palomas,MX,2021-09-27 01:20:42,31.7667,-107.6167,67.33,51,17,23.02,few clouds
249,Moron,AR,2021-09-27 01:20:42,-34.6534,-58.6198,69.03,69,75,3.0,broken clouds
250,Badnawar,IN,2021-09-27 01:20:43,23.0167,75.2167,72.27,94,100,3.8,overcast clouds
251,Saldanha,ZA,2021-09-27 01:20:43,-33.0117,17.9442,57.83,89,1,11.99,clear sky
252,Seminole,US,2021-09-27 01:20:44,28.7086,-81.2081,79.99,83,1,3.44,clear sky
253,Tancheng,CN,2021-09-27 01:20:44,27.4375,115.4976,87.76,57,0,2.68,light rain
254,Hami,CN,2021-09-27 01:20:45,42.8,93.45,64.63,22,0,2.75,clear sky
255,Darnah,LY,2021-09-27 01:20:45,32.767,22.6367,74.57,68,0,18.12,clear sky
256,Moranbah,AU,2021-09-27 01:20:46,-22.0016,148.0466,81.99,35,0,16.96,clear sky
257,La Ronge,CA,2021-09-27 01:20:46,55.1001,-105.2842,59.22,72,90,3.44,overcast clouds
258,Pecos,US,2021-09-27 01:20:47,31.4229,-103.4932,86.09,25,1,6.91,clear sky
259,Bambanglipuro,ID,2021-09-27 01:20:47,-7.95,110.2833,80.74,72,67,13.85,broken clouds
260,Naze,JP,2021-09-27 01:20:47,28.3667,129.4833,83.32,76,17,16.04,few clouds
261,Kuandian,CN,2021-09-27 01:20:48,40.7286,124.7847,61.65,96,100,0.94,overcast clouds
262,Jibuti,DJ,2021-09-27 01:17:17,11.5,42.5,87.22,49,13,4.03,few clouds
263,Nagapattinam,IN,2021-09-27 01:20:49,10.7667,79.8333,81.1,82,100,10.27,overcast clouds
264,Mount Pleasant,US,2021-09-27 01:18:40,32.7941,-79.8626,72.99,79,75,0.0,broken clouds
265,Vuktyl,RU,2021-09-27 01:20:49,63.8567,57.3094,35.13,69,100,8.61,overcast clouds
266,Necochea,AR,2021-09-27 01:20:49,-38.5473,-58.7368,47.03,66,92,8.37,overcast clouds
267,Unai,BR,2021-09-27 01:20:50,-16.3575,-46.9061,80.87,36,49,2.73,scattered clouds
268,Solnechnyy,RU,2021-09-27 01:20:50,50.7214,136.6319,60.42,55,100,7.18,overcast clouds
269,Pangnirtung,CA,2021-09-27 01:20:51,66.1451,-65.7125,32.14,77,18,2.46,few clouds
270,Zhanaozen,KZ,2021-09-27 01:20:51,43.3,52.8,56.37,75,7,13.09,clear sky
271,Dunedin,NZ,2021-09-27 01:20:52,-45.8742,170.5036,49.01,53,43,10.42,scattered clouds
272,Rio Gallegos,AR,2021-09-27 01:20:52,-51.6226,-69.2181,39.25,65,40,6.91,scattered clouds
273,Maceio,BR,2021-09-27 01:20:52,-9.6658,-35.7353,80.04,89,75,9.22,broken clouds
274,Aktau,KZ,2021-09-27 01:20:53,43.65,51.2,66.78,69,69,23.94,broken clouds
275,Northam,GB,2021-09-27 01:20:53,51.0333,-4.2167,63.66,94,100,20.42,overcast clouds
276,Zhezkazgan,KZ,2021-09-27 01:20:54,47.8043,67.7144,58.15,37,100,23.82,overcast clouds
277,Atar,MR,2021-09-27 01:20:54,20.5169,-13.0499,93.81,15,6,4.29,clear sky
278,Karaton,ID,2021-09-27 01:20:54,-6.3424,106.1045,83.95,76,99,2.62,overcast clouds
279,Koumac,NC,2021-09-27 01:20:55,-20.5667,164.2833,75.51,54,13,11.52,few clouds
280,Bonthe,SL,2021-09-27 01:20:55,7.5264,-12.505,76.87,88,100,1.79,light rain
281,Mkushi,ZM,2021-09-27 01:20:56,-13.6202,29.3939,64.58,51,29,4.09,scattered clouds
282,Mount Gambier,AU,2021-09-27 01:20:56,-37.8333,140.7667,61.93,43,91,8.28,overcast clouds
283,Lanxi,CN,2021-09-27 01:20:57,29.2195,119.477,80.4,63,17,2.26,few clouds
284,Khandyga,RU,2021-09-27 01:20:57,62.6667,135.6,41.4,69,67,2.75,broken clouds
285,Quchan,IR,2021-09-27 01:20:57,37.106,58.5095,48.36,84,0,2.95,clear sky
286,Beringovskiy,RU,2021-09-27 01:20:58,63.05,179.3167,36.95,85,92,1.81,overcast clouds
287,Tourlaville,FR,2021-09-27 01:20:58,49.6383,-1.5664,63.19,94,90,12.66,light rain
288,Sambava,MG,2021-09-27 01:20:58,-14.2667,50.1667,70.9,80,99,13.2,light rain
289,Trairi,BR,2021-09-27 01:18:43,-3.2778,-39.2689,79.07,84,79,12.55,broken clouds
290,Champerico,GT,2021-09-27 01:20:59,14.3,-91.9167,82.35,78,89,2.19,overcast clouds
291,Deputatskiy,RU,2021-09-27 01:21:00,69.3,139.9,28.63,77,100,11.41,light snow
292,Kutum,SD,2021-09-27 01:21:00,14.2,24.6667,71.17,67,10,6.42,clear sky
293,San Cristobal,VE,2021-09-27 01:21:01,7.7669,-72.225,77.18,89,42,2.93,scattered clouds
294,Inhambane,MZ,2021-09-27 01:21:01,-23.865,35.3833,70.9,90,1,6.78,clear sky
295,Kargasok,RU,2021-09-27 01:21:01,59.0556,80.8572,33.57,92,91,7.65,overcast clouds
296,Atherton,GB,2021-09-27 01:21:02,53.5237,-2.4935,64.29,88,100,7.0,overcast clouds
297,Portland,US,2021-09-27 01:19:14,45.5234,-122.6762,74.62,48,75,1.99,broken clouds
298,Miri,MY,2021-09-27 01:21:02,4.4148,114.0089,84.34,79,40,1.14,scattered clouds
299,Mnogovershinnyy,RU,2021-09-27 01:21:03,53.9353,139.9242,52.12,38,97,4.47,overcast clouds
300,Arona,ES,2021-09-27 01:21:03,28.0996,-16.681,69.82,62,20,14.97,few clouds
301,Baykit,RU,2021-09-27 01:21:04,61.67,96.37,36.72,78,100,9.69,overcast clouds
302,Banyuwangi,ID,2021-09-27 01:17:38,-8.2325,114.3576,80.04,74,45,6.4,scattered clouds
303,Koshurnikovo,RU,2021-09-27 01:21:05,54.1667,93.3,29.73,97,100,3.96,snow
304,San Rafael,AR,2021-09-27 01:18:28,-34.6177,-68.3301,57.0,26,0,8.14,clear sky
305,Waxahachie,US,2021-09-27 01:21:05,32.3865,-96.8483,84.04,44,1,0.0,clear sky
306,Puerto Narino,CO,2021-09-27 01:21:05,-3.7703,-70.3831,76.95,71,100,0.98,overcast clouds
307,Erenhot,CN,2021-09-27 01:21:06,43.6475,111.9767,57.9,30,0,10.94,clear sky
308,Qandala,SO,2021-09-27 01:21:06,11.472,49.8728,86.04,57,1,1.77,clear sky
309,Beira,MZ,2021-09-27 01:21:07,-19.8436,34.8389,68.09,100,20,3.44,few clouds
310,Ostrovnoy,RU,2021-09-27 01:21:07,68.0531,39.5131,43.39,91,99,15.77,overcast clouds
311,Coihaique,CL,2021-09-27 01:21:07,-45.5752,-72.0662,39.15,87,0,3.44,clear sky
312,Sola,VU,2021-09-27 01:21:08,-13.8833,167.55,79.0,78,42,15.99,scattered clouds
313,Springdale,US,2021-09-27 01:21:08,36.1867,-94.1288,78.91,46,1,4.61,clear sky
314,Chinsali,ZM,2021-09-27 01:21:08,-10.5414,32.0816,63.3,51,15,3.18,few clouds
315,Pio Ix,BR,2021-09-27 01:21:09,-6.8375,-40.5792,80.62,36,52,11.48,broken clouds
316,Kon Tum,VN,2021-09-27 01:21:09,14.35,108.0,73.62,84,10,1.48,clear sky
317,Tuy Hoa,VN,2021-09-27 01:17:55,13.0833,109.3,81.46,80,93,3.09,overcast clouds
318,Korla,CN,2021-09-27 01:21:10,41.7597,86.1469,60.96,28,0,2.91,clear sky
319,Cayenne,GF,2021-09-27 01:21:10,4.9333,-52.3333,83.08,78,67,3.0,broken clouds
320,Ambunti,PG,2021-09-27 01:21:11,-4.2365,142.8448,89.22,60,100,1.79,overcast clouds
321,Senneterre,CA,2021-09-27 01:21:11,48.3835,-77.2328,46.62,94,13,4.68,light rain
322,Boali,CF,2021-09-27 01:21:12,4.8005,18.1275,71.47,97,100,3.11,light rain
323,Port Pirie,AU,2021-09-27 01:21:12,-33.1833,138.0167,75.29,21,96,8.68,overcast clouds
324,Coquimbo,CL,2021-09-27 01:15:08,-29.9533,-71.3436,55.13,87,0,3.44,clear sky
325,Driyorejo,ID,2021-09-27 01:21:13,-7.3659,112.6219,89.46,66,20,2.3,few clouds
326,Saint George,US,2021-09-27 01:21:01,37.1041,-113.5841,90.07,24,1,1.01,clear sky
327,Garowe,SO,2021-09-27 01:21:13,8.4054,48.4845,78.08,57,9,16.75,clear sky
328,Poum,NC,2021-09-27 01:21:14,-20.2333,164.0167,72.82,60,8,4.65,clear sky
329,Volnovakha,UA,2021-09-27 01:21:14,47.601,37.4967,47.95,82,0,10.85,clear sky
330,Sokolo,ML,2021-09-27 01:21:14,14.7328,-6.1219,86.09,43,98,4.59,overcast clouds
331,General Roca,AR,2021-09-27 01:21:15,-39.0333,-67.5833,50.4,18,56,1.07,broken clouds
332,Omsukchan,RU,2021-09-27 01:21:15,62.5333,155.8,31.46,67,95,4.05,overcast clouds
333,Takoradi,GH,2021-09-27 01:21:16,4.8845,-1.7554,74.19,93,100,5.86,light rain
334,Kindu,CD,2021-09-27 01:21:16,-2.95,25.95,67.69,95,100,1.86,overcast clouds
335,Mumford,GH,2021-09-27 01:21:17,5.2618,-0.759,74.8,90,100,8.93,light rain
336,Okhansk,RU,2021-09-27 01:21:17,57.7186,55.3877,39.27,87,100,13.35,overcast clouds
337,Aswan,EG,2021-09-27 01:21:17,24.0934,32.907,78.94,33,0,13.49,clear sky
338,Jinchang,CN,2021-09-27 01:16:53,38.4953,102.1739,63.75,43,40,2.01,scattered clouds
339,Aketi,CD,2021-09-27 01:21:18,2.7388,23.7833,67.48,99,100,1.88,overcast clouds
340,Vanimo,PG,2021-09-27 01:21:18,-2.6741,141.3028,85.64,64,100,4.43,overcast clouds
341,Tukrah,LY,2021-09-27 01:21:19,32.5341,20.5791,73.17,64,0,8.7,clear sky
342,High Prairie,CA,2021-09-27 01:21:19,55.4334,-116.4858,63.7,70,12,4.54,few clouds
343,Maraba,BR,2021-09-27 01:21:19,-5.3686,-49.1178,80.67,56,79,3.33,broken clouds
344,Mitsamiouli,KM,2021-09-27 01:21:20,-11.3847,43.2844,74.91,73,6,4.05,clear sky
345,Lata,PT,2021-09-27 01:21:20,40.1629,-8.3327,64.04,97,100,1.25,overcast clouds
346,Fermoy,IE,2021-09-27 01:21:21,52.1358,-8.2758,52.3,86,100,4.21,overcast clouds
347,San Pedro,PH,2021-09-27 01:21:21,14.35,121.0167,84.09,81,75,5.75,broken clouds
348,Port-Gentil,GA,2021-09-27 01:21:21,-0.7193,8.7815,77.61,82,100,9.98,overcast clouds
349,Capinzal,BR,2021-09-27 01:21:22,-27.3436,-51.6119,60.57,79,0,3.22,clear sky
350,Emborion,GR,2021-09-27 01:21:22,40.4833,21.55,58.66,37,0,1.7,clear sky
351,Kruisfontein,ZA,2021-09-27 01:21:22,-34.0033,24.7314,54.88,95,5,6.78,clear sky
352,Yumen,CN,2021-09-27 01:21:23,40.2833,97.2,62.96,20,0,13.73,clear sky
353,Mundra,IN,2021-09-27 01:21:23,22.85,69.7333,81.37,81,86,7.52,overcast clouds
354,Ayni,TJ,2021-09-27 01:21:23,39.3941,68.5377,59.85,25,0,5.55,clear sky
355,Iquique,CL,2021-09-27 01:21:24,-20.2208,-70.1431,60.84,75,39,1.66,scattered clouds
356,Huanren,CN,2021-09-27 01:21:24,41.2647,125.3667,61.9,98,100,1.61,light rain
357,Narimanov,RU,2021-09-27 01:21:25,46.6927,47.8498,54.95,68,0,18.43,clear sky
358,Rapid Valley,US,2021-09-27 01:21:25,44.0625,-103.1463,80.8,26,1,10.36,clear sky
359,Baghdad,IQ,2021-09-27 01:19:21,33.3406,44.4009,69.71,46,0,11.5,clear sky
360,Bousso,TD,2021-09-27 01:21:25,10.4795,16.7117,73.58,87,100,5.14,overcast clouds
361,Porosozero,RU,2021-09-27 01:21:26,62.7191,32.727,40.68,97,100,3.58,overcast clouds
362,Kudahuvadhoo,MV,2021-09-27 01:21:16,2.6708,72.8944,81.19,72,100,19.39,overcast clouds
363,Gornyak,RU,2021-09-27 01:21:26,50.9942,81.4661,27.46,81,10,8.79,clear sky
364,Banda Aceh,ID,2021-09-27 01:21:27,5.5577,95.3222,81.52,71,100,10.94,overcast clouds
365,Sand,DE,2021-09-27 01:21:27,50.0,10.6,64.22,99,100,4.03,light rain
366,Esmeraldas,BR,2021-09-27 01:21:28,-19.7625,-44.3139,75.51,82,100,5.44,overcast clouds
367,Soderhamn,SE,2021-09-27 01:21:28,61.3037,17.0592,40.98,84,100,6.31,overcast clouds
368,Pangody,RU,2021-09-27 01:21:28,65.85,74.4859,31.69,79,0,5.3,clear sky
369,Oktyabrskiy,RU,2021-09-27 01:21:29,54.4815,53.471,46.42,84,100,11.97,light rain
370,Altamira,BR,2021-09-27 01:21:29,-3.2033,-52.2064,77.81,73,97,3.47,overcast clouds
371,Urucara,BR,2021-09-27 01:21:29,-2.5364,-57.76,77.23,84,94,4.16,overcast clouds
372,Todiresti,RO,2021-09-27 01:21:30,47.3167,26.8333,53.6,91,13,3.49,light rain
373,Marawi,PH,2021-09-27 01:21:30,7.9986,124.2928,74.64,64,84,2.95,broken clouds
374,Urengoy,RU,2021-09-27 01:21:31,65.9667,78.3667,31.51,89,20,5.55,few clouds
375,Dera Bugti,PK,2021-09-27 01:21:31,29.0307,69.151,84.79,44,0,4.97,clear sky
376,Moerai,PF,2021-09-27 01:21:32,-22.4333,-151.3333,76.37,85,74,9.24,broken clouds
377,Ruteng,ID,2021-09-27 01:21:32,-8.6136,120.4721,71.58,65,24,1.68,few clouds
378,Bathsheba,BB,2021-09-27 01:21:33,13.2167,-59.5167,83.01,78,20,10.36,few clouds
379,Kavaratti,IN,2021-09-27 01:21:33,10.5669,72.642,81.25,79,100,24.38,light rain
380,Copiapo,CL,2021-09-27 01:19:27,-27.3667,-70.3333,51.49,44,0,0.22,clear sky
381,Calama,CL,2021-09-27 01:21:33,-22.4667,-68.9333,63.09,8,0,3.44,clear sky
382,Nakusp,CA,2021-09-27 01:21:34,50.2499,-117.8023,61.14,72,100,2.3,light rain
383,Thinadhoo,MV,2021-09-27 01:21:34,0.5333,72.9333,81.93,76,100,16.71,overcast clouds
384,Panama City,PA,2021-09-27 01:20:08,8.9936,-79.5197,84.06,81,20,8.05,few clouds
385,Mogadishu,SO,2021-09-27 01:21:35,2.0371,45.3438,77.79,80,28,16.78,scattered clouds
386,Mendi,PG,2021-09-27 01:21:35,-6.1761,143.6513,67.78,73,80,3.53,broken clouds
387,Brandfort,ZA,2021-09-27 01:21:36,-28.7001,26.4597,62.01,30,9,12.26,clear sky
388,Alice Springs,AU,2021-09-27 01:17:00,-23.7,133.8833,87.35,8,46,13.8,scattered clouds
389,High Level,CA,2021-09-27 01:21:36,58.5169,-117.136,44.71,100,90,8.05,light rain
390,Chiquilistlan,MX,2021-09-27 01:21:37,20.2,-103.8167,64.13,89,100,3.13,overcast clouds
391,Kaniama,CD,2021-09-27 01:21:37,-7.5667,24.1833,71.82,66,86,4.9,overcast clouds
392,Kawalu,ID,2021-09-27 01:21:38,-7.3817,108.2082,74.98,90,100,3.02,overcast clouds
393,Tual,ID,2021-09-27 01:21:38,-5.6667,132.75,80.74,81,93,11.63,overcast clouds
394,Muroto,JP,2021-09-27 01:21:38,33.2833,134.15,77.04,83,98,20.54,overcast clouds
395,Gao,ML,2021-09-27 01:18:13,16.6362,1.637,89.46,11,3,8.48,clear sky
396,Klaksvik,FO,2021-09-27 01:21:39,62.2266,-6.589,50.92,82,84,17.63,broken clouds
397,Broome,US,2021-09-27 01:21:39,42.2506,-75.833,58.57,71,11,3.85,few clouds
398,Kloulklubed,PW,2021-09-27 01:21:40,7.0419,134.2556,86.5,75,58,10.11,broken clouds
399,Verkhniy Uslon,RU,2021-09-27 01:21:40,55.7701,48.9823,44.82,100,100,11.54,overcast clouds
400,Manaus,BR,2021-09-27 01:21:39,-3.1019,-60.025,79.29,89,0,2.3,clear sky
401,Westport,US,2021-09-27 01:20:45,41.1415,-73.3579,68.76,75,1,1.01,clear sky
402,Jalu,LY,2021-09-27 01:21:41,29.0331,21.5482,69.85,68,0,9.01,clear sky
403,Doka,SD,2021-09-27 01:21:41,13.5167,35.7667,69.49,89,1,2.95,clear sky
404,Kholmogory,RU,2021-09-27 01:21:41,64.2229,41.656,42.91,97,100,3.33,overcast clouds
405,Tomigusuku,JP,2021-09-27 01:21:42,26.185,127.675,88.34,74,40,14.97,scattered clouds
406,Isiolo,KE,2021-09-27 01:21:42,0.3546,37.5822,66.31,66,11,7.52,few clouds
407,North Myrtle Beach,US,2021-09-27 01:21:43,33.816,-78.68,71.65,84,1,0.0,clear sky
408,Saku,JP,2021-09-27 01:20:20,36.2167,138.4833,68.76,67,61,5.35,broken clouds
409,Santa Rosa,PH,2021-09-27 01:21:43,14.3122,121.1114,84.85,76,82,5.1,broken clouds
410,Lydenburg,ZA,2021-09-27 01:21:44,-25.0978,30.4597,58.41,52,0,2.1,clear sky
411,Marsa Matruh,EG,2021-09-27 01:21:44,31.3525,27.2453,72.34,65,0,7.56,clear sky
412,Stornoway,GB,2021-09-27 01:21:45,58.2093,-6.3865,51.76,82,100,11.5,overcast clouds
413,Hofn,IS,2021-09-27 01:21:45,64.2539,-15.2082,42.22,60,86,10.54,overcast clouds
414,Porto Novo,BJ,2021-09-27 01:21:45,6.4965,2.6036,76.82,88,100,3.51,overcast clouds
415,Dzilam Gonzalez,MX,2021-09-27 01:21:46,21.2833,-88.9333,78.03,85,34,7.81,scattered clouds
416,Saint Anthony,US,2021-09-27 01:21:46,45.0205,-93.218,73.15,73,1,1.01,clear sky
417,Mahibadhoo,MV,2021-09-27 01:21:46,3.7833,72.9667,79.92,76,100,15.46,overcast clouds
418,Chapais,CA,2021-09-27 01:21:47,49.7834,-74.8492,47.98,91,82,4.7,broken clouds
419,Gubbio,IT,2021-09-27 01:21:47,43.3545,12.5725,67.68,95,88,3.74,overcast clouds
420,Linjiang,CN,2021-09-27 01:21:48,41.8069,126.9078,63.45,89,100,0.98,moderate rain
421,Kasama,ZM,2021-09-27 01:21:48,-10.2129,31.1808,64.74,47,61,4.23,broken clouds
422,Coos Bay,US,2021-09-27 01:21:49,43.3665,-124.2179,79.86,68,75,12.66,broken clouds
423,Malkerns,SZ,2021-09-27 01:19:38,-26.5667,31.1833,60.57,78,0,2.91,clear sky
424,Hovd,MN,2021-09-27 01:21:49,48.0056,91.6419,38.41,38,4,5.23,clear sky
425,Katangli,RU,2021-09-27 01:21:50,51.7102,143.2326,54.86,64,100,1.83,overcast clouds
426,Buala,SB,2021-09-27 01:21:50,-8.145,159.5921,85.14,67,48,5.55,light rain
427,Virginia Beach,US,2021-09-27 01:19:57,36.8529,-75.978,70.02,70,1,0.0,clear sky
428,Sukumo,JP,2021-09-27 01:21:51,32.9333,132.7333,69.66,94,100,7.92,overcast clouds
429,Fortuna,US,2021-09-27 01:21:51,40.5982,-124.1573,68.41,68,75,4.0,broken clouds
430,Talnakh,RU,2021-09-27 01:21:51,69.4865,88.3972,33.87,49,100,7.52,overcast clouds
431,Winnemucca,US,2021-09-27 01:21:52,40.973,-117.7357,84.25,10,1,6.91,clear sky
432,Betioky,MG,2021-09-27 01:21:52,-23.7167,44.3833,67.96,62,0,8.12,clear sky
433,Flin Flon,CA,2021-09-27 01:21:52,54.7682,-101.865,53.67,66,99,5.08,overcast clouds
434,Caucaia,BR,2021-09-27 01:20:47,-3.7361,-38.6531,84.07,77,40,14.97,scattered clouds
435,Puri,IN,2021-09-27 01:21:53,19.8,85.85,81.12,85,100,13.31,overcast clouds
436,Marzuq,YE,2021-09-27 01:21:53,14.4,46.4667,74.8,15,7,3.6,clear sky
437,Prieska,ZA,2021-09-27 01:21:54,-29.6641,22.7474,69.8,11,0,6.51,clear sky
438,Altoona,US,2021-09-27 01:21:20,40.5187,-78.3947,61.23,64,56,6.89,broken clouds
439,Santa Maria,BR,2021-09-27 01:20:43,-29.6842,-53.8069,60.1,100,0,2.3,clear sky
440,Vilhena,BR,2021-09-27 01:21:54,-12.7406,-60.1458,73.63,70,59,1.25,broken clouds
441,Cap Malheureux,MU,2021-09-27 01:21:55,-19.9842,57.6142,68.49,89,58,7.0,light rain
442,Batagay-Alyta,RU,2021-09-27 01:21:55,67.8006,130.4114,31.71,75,35,1.97,scattered clouds
443,Bairiki,KI,2021-09-27 01:21:56,1.3292,172.9752,87.8,66,20,11.5,few clouds
444,Methoni,GR,2021-09-27 01:21:56,36.8197,21.7049,70.21,69,0,11.16,clear sky
445,Bengkulu,ID,2021-09-27 01:21:56,-3.8004,102.2655,78.04,84,67,4.5,broken clouds
446,Myitkyina,MM,2021-09-27 01:21:57,25.3833,97.4,77.2,81,23,2.33,few clouds
447,Arman,RU,2021-09-27 01:21:57,59.7,150.1667,45.61,47,0,3.4,clear sky
448,Campoverde,PE,2021-09-27 01:21:57,-8.4753,-74.8058,80.29,62,50,3.44,scattered clouds
449,Teya,RU,2021-09-27 01:21:58,60.3778,92.6267,33.94,94,100,4.65,overcast clouds
450,Kaitangata,NZ,2021-09-27 01:21:58,-46.2817,169.8464,52.93,32,4,5.1,clear sky
451,Sinnamary,GF,2021-09-27 01:21:59,5.3833,-52.95,80.56,82,14,11.45,few clouds
452,Geraldton,AU,2021-09-27 01:19:39,-28.7667,114.6,66.61,55,40,14.97,scattered clouds
453,Mahebourg,MU,2021-09-27 01:21:59,-20.4081,57.7,68.29,94,75,18.41,light intensity shower rain
454,Luang Prabang,LA,2021-09-27 01:22:00,19.8856,102.1347,76.96,88,20,0.0,few clouds
455,Eureka,US,2021-09-27 01:22:00,40.8021,-124.1637,68.67,75,65,3.09,broken clouds
456,Dataganj,IN,2021-09-27 01:22:00,28.0333,79.4,75.6,81,8,4.52,clear sky
457,Sao Joao Da Barra,BR,2021-09-27 01:22:01,-21.6403,-41.0511,73.0,81,100,19.98,overcast clouds
458,Yagodnoye,RU,2021-09-27 01:22:02,62.55,149.6667,31.12,74,75,2.35,broken clouds
459,Villazon,BO,2021-09-27 01:22:02,-22.0866,-65.5942,53.55,39,0,9.8,clear sky
460,Araouane,ML,2021-09-27 01:22:02,18.9048,-3.5265,91.35,8,1,8.08,clear sky
461,Strezhevoy,RU,2021-09-27 01:22:03,60.7333,77.5889,28.38,93,0,6.53,clear sky
462,Kerema,PG,2021-09-27 01:22:03,-7.9631,145.7785,82.9,78,40,8.03,scattered clouds
463,Svolvaer,NO,2021-09-27 01:22:03,68.2342,14.5683,55.49,94,98,8.01,overcast clouds
464,Aksarka,RU,2021-09-27 01:22:04,66.5606,67.7975,29.28,87,15,7.61,few clouds
465,Liepaja,LV,2021-09-27 01:22:04,56.5419,21.0367,42.78,93,100,4.61,overcast clouds
466,Gorontalo,ID,2021-09-27 01:22:05,0.5412,123.0595,85.03,66,100,4.32,moderate rain
467,Balkhash,KZ,2021-09-27 01:22:05,46.844,74.9804,45.21,36,40,24.61,scattered clouds
468,Hare Bay,CA,2021-09-27 01:22:06,48.8499,-54.0148,54.75,94,91,4.88,overcast clouds
469,Delvada,IN,2021-09-27 01:22:06,20.7667,71.0333,78.1,88,99,6.69,overcast clouds
470,Porbandar,IN,2021-09-27 01:22:00,21.6422,69.6093,80.17,86,97,5.82,overcast clouds
471,Mayumba,GA,2021-09-27 01:22:07,-3.432,10.6554,75.24,89,100,2.24,overcast clouds
472,Upata,VE,2021-09-27 01:22:07,8.0086,-62.3989,73.35,85,54,3.09,broken clouds
473,Puerto Concordia,CO,2021-09-27 01:22:07,2.6221,-72.7572,75.63,77,42,1.79,scattered clouds
474,Sept-Iles,CA,2021-09-27 01:22:08,50.2001,-66.3821,56.25,97,90,14.0,mist
475,Sungaipenuh,ID,2021-09-27 01:22:08,-2.0833,101.3833,69.8,87,100,0.51,overcast clouds
476,Bondoukou,CI,2021-09-27 01:22:08,8.0333,-2.8,69.46,97,100,4.38,overcast clouds
477,Toora-Khem,RU,2021-09-27 01:18:41,52.4675,96.11,28.47,89,100,7.0,snow
478,Santarem,BR,2021-09-27 01:22:09,-2.4431,-54.7083,78.93,89,0,4.61,clear sky
479,Zhigalovo,RU,2021-09-27 01:22:09,54.8097,105.1578,36.3,57,99,2.93,overcast clouds
480,Nador,MA,2021-09-27 01:22:01,35.174,-2.9287,64.65,88,0,0.0,clear sky
481,Maniitsoq,GL,2021-09-27 01:18:08,65.4167,-52.9,32.16,52,0,5.91,clear sky
482,Port Hedland,AU,2021-09-27 01:22:10,-20.3167,118.5667,84.25,24,81,11.5,broken clouds
483,Dingle,PH,2021-09-27 01:22:11,10.9995,122.6711,83.32,81,95,6.98,overcast clouds
484,Sisimiut,GL,2021-09-27 01:22:11,66.9395,-53.6735,26.13,51,0,7.2,clear sky
485,Bonfim,BR,2021-09-27 01:22:11,3.0833,-59.95,80.78,67,6,4.18,clear sky
486,Aykhal,RU,2021-09-27 01:22:12,66.0,111.5,28.89,89,100,16.91,overcast clouds
487,Okhotsk,RU,2021-09-27 01:22:12,59.3833,143.3,48.92,49,51,4.59,broken clouds
488,Itaberai,BR,2021-09-27 01:22:12,-16.0203,-49.8103,74.1,56,99,0.65,overcast clouds
489,Parintins,BR,2021-09-27 01:22:13,-2.6283,-56.7358,75.67,86,56,3.29,broken clouds
490,Rio Grande,BR,2021-09-27 01:22:13,-32.035,-52.0986,60.94,93,0,8.19,clear sky
491,Chegdomyn,RU,2021-09-27 01:22:14,51.1167,133.0167,59.5,60,100,6.55,overcast clouds
492,Henderson,US,2021-09-27 01:22:14,36.0397,-114.9819,94.44,26,1,16.11,clear sky
493,Charagua,BO,2021-09-27 01:22:14,-19.8,-63.2167,80.76,37,0,5.75,clear sky
494,Abha,SA,2021-09-27 01:22:15,18.2164,42.5053,62.85,29,0,0.0,clear sky
495,Robertson,US,2021-09-27 01:18:01,36.5167,-86.8667,68.11,90,90,0.0,overcast clouds
496,Buchanan,LR,2021-09-27 01:22:15,5.8808,-10.0467,74.59,95,100,3.02,heavy intensity rain
497,Mikuni,JP,2021-09-27 01:22:16,36.2171,136.1519,76.91,72,3,1.81,clear sky
498,Kaeo,NZ,2021-09-27 01:22:16,-35.1,173.7833,53.56,84,100,4.14,light rain
499,Ust-Maya,RU,2021-09-27 01:22:16,60.4167,134.5333,41.2,66,94,6.78,overcast clouds
500,Lebu,CL,2021-09-27 01:22:17,-37.6167,-73.65,48.7,73,5,20.54,clear sky
501,Ndele,CF,2021-09-27 01:22:17,8.4109,20.6473,68.94,94,100,1.1,light rain
502,Monroe,US,2021-09-27 01:22:17,43.1501,-77.6831,62.11,78,75,8.05,broken clouds
503,Capitan Bado,PY,2021-09-27 01:22:18,-23.2667,-55.5333,77.4,42,0,7.56,clear sky
504,Jatai,BR,2021-09-27 01:22:18,-17.8814,-51.7144,74.84,53,86,2.24,overcast clouds
505,Beyneu,KZ,2021-09-27 01:22:19,45.3167,55.2,58.69,63,100,18.99,overcast clouds
506,Richards Bay,ZA,2021-09-27 01:22:19,-28.783,32.0377,63.39,92,12,5.7,few clouds
507,Huarmey,PE,2021-09-27 01:22:19,-10.0681,-78.1522,63.32,86,33,5.86,scattered clouds
508,Airai,TL,2021-09-27 01:22:20,-8.9266,125.4092,76.01,33,99,2.59,overcast clouds
509,Sidi Ali,DZ,2021-09-27 01:22:20,36.0998,0.4206,69.57,71,13,2.04,few clouds
510,Batticaloa,LK,2021-09-27 01:22:20,7.7102,81.6924,80.42,75,100,8.25,overcast clouds
511,Billings,US,2021-09-27 01:20:43,45.7833,-108.5007,82.17,23,20,0.0,few clouds
512,Dicabisagan,PH,2021-09-27 01:22:21,17.0818,122.4157,86.23,69,11,7.05,few clouds
513,Saint-Augustin,CA,2021-09-27 01:22:21,51.226,-58.6502,56.16,98,100,5.57,overcast clouds
514,Kultuk,RU,2021-09-27 01:22:22,51.7208,103.6956,39.18,96,100,2.35,overcast clouds
515,Montepuez,MZ,2021-09-27 01:22:22,-13.1256,38.9997,65.55,84,5,0.74,clear sky
516,Glens Falls,US,2021-09-27 01:22:22,43.3095,-73.644,57.27,82,90,1.01,overcast clouds
517,Dabakala,CI,2021-09-27 01:22:23,8.3667,-4.4333,69.33,97,100,4.36,overcast clouds
518,Moree,AU,2021-09-27 01:22:23,-29.4667,149.85,71.62,40,54,17.27,broken clouds
519,Jumla,NP,2021-09-27 01:22:24,29.2747,82.1838,58.21,86,51,2.86,broken clouds
520,Dhidhdhoo,MV,2021-09-27 01:22:24,6.8833,73.1,77.68,82,100,28.01,overcast clouds
521,Charters Towers,AU,2021-09-27 01:22:24,-20.1,146.2667,82.89,32,1,11.59,clear sky
522,Port Moresby,PG,2021-09-27 01:22:25,-9.4431,147.1797,87.22,66,40,11.5,haze
523,Santiago Del Estero,AR,2021-09-27 01:20:08,-27.7951,-64.2615,75.81,23,0,8.57,clear sky
524,Orumiyeh,IR,2021-09-27 01:22:25,37.5527,45.0761,44.15,61,0,6.91,clear sky
525,Hambantota,LK,2021-09-27 01:22:26,6.1241,81.1185,78.19,82,100,28.12,overcast clouds
526,Camara De Lobos,PT,2021-09-27 01:22:26,32.6333,-16.9667,70.72,78,20,10.0,few clouds
527,Bitkine,TD,2021-09-27 01:22:26,11.9801,18.2138,77.2,66,100,5.48,overcast clouds
528,Palmer,US,2021-09-27 01:22:27,42.1584,-72.3287,57.85,79,1,0.0,clear sky
529,Kaliua,TZ,2021-09-27 01:22:27,-5.0606,31.7936,74.39,40,90,2.8,overcast clouds
530,Khandbari,NP,2021-09-27 01:22:27,27.3747,87.2039,72.21,79,55,3.04,broken clouds
531,Prince Rupert,CA,2021-09-27 01:22:28,54.3161,-130.3201,51.89,93,90,0.0,moderate rain
532,Mount Isa,AU,2021-09-27 01:22:28,-20.7333,139.5,91.17,11,5,9.22,clear sky
533,Beian,NO,2021-09-27 01:22:28,63.6559,9.5683,57.29,62,0,18.41,clear sky
534,Port Victoria,KE,2021-09-27 01:20:12,0.0939,33.9756,67.05,80,7,4.9,clear sky
535,Danielskuil,ZA,2021-09-27 01:22:29,-28.1887,23.5395,66.99,8,0,7.25,clear sky
536,Ratnagiri,IN,2021-09-27 01:22:29,16.9833,73.3,76.39,89,52,2.24,broken clouds
537,Baruun-Urt,MN,2021-09-27 01:22:30,46.6806,113.2792,49.53,41,0,9.89,clear sky
538,Acarau,BR,2021-09-27 01:22:30,-2.8856,-40.12,79.07,83,15,18.59,few clouds
539,Zhangye,CN,2021-09-27 01:22:30,38.9342,100.4517,65.84,33,93,3.65,overcast clouds
540,Brae,GB,2021-09-27 01:22:31,60.3964,-1.353,55.31,96,100,15.93,overcast clouds
541,Krasnoselkup,RU,2021-09-27 01:22:31,65.7,82.4667,33.31,90,66,8.16,broken clouds
542,Ronnede,DK,2021-09-27 01:22:31,55.2571,12.0212,61.39,85,100,14.88,overcast clouds
543,North Bend,US,2021-09-27 01:22:32,43.4065,-124.2243,77.94,68,75,12.66,broken clouds
544,Mana,GF,2021-09-27 01:22:32,5.6592,-53.7767,81.45,80,5,12.1,clear sky
545,Santa Marta,CO,2021-09-27 01:21:29,11.2408,-74.199,84.97,80,40,4.0,scattered clouds
546,Zeya,RU,2021-09-27 01:22:32,53.75,127.2667,53.71,98,100,10.09,light rain
547,Kropotkin,RU,2021-09-27 01:22:33,45.4375,40.5756,58.55,84,94,10.2,overcast clouds
548,Vila Velha,BR,2021-09-27 01:22:33,-20.3297,-40.2925,73.35,78,40,8.05,scattered clouds
549,El Dorado,US,2021-09-27 01:22:34,38.7666,-120.5177,79.38,36,4,4.41,clear sky
550,Salamiyah,SY,2021-09-27 01:22:34,35.0113,37.0532,67.62,34,26,1.43,scattered clouds
551,Dubbo,AU,2021-09-27 01:20:32,-32.25,148.6167,64.53,45,19,10.36,few clouds
552,Tacuati,PY,2021-09-27 01:22:35,-23.45,-56.5833,80.65,40,2,3.36,clear sky
553,Almaznyy,RU,2021-09-27 01:22:35,48.0448,40.045,46.54,82,21,13.6,light rain
554,Ostersund,SE,2021-09-27 01:22:35,63.1792,14.6357,52.25,66,99,13.8,overcast clouds
555,Chicama,PE,2021-09-27 01:22:36,-7.8447,-79.1469,59.54,82,49,4.65,scattered clouds
556,Bambui,BR,2021-09-27 01:22:36,-20.0064,-45.9769,66.56,79,98,4.0,overcast clouds
557,Taklisah,TN,2021-09-27 01:22:36,36.7833,10.6333,77.74,82,17,5.14,few clouds
558,Dolores,AR,2021-09-27 01:22:37,-36.3132,-57.6792,51.51,71,100,12.93,overcast clouds
559,Jizan,SA,2021-09-27 01:22:37,17.3333,42.6667,85.14,72,0,1.99,clear sky
560,Comodoro Rivadavia,AR,2021-09-27 01:18:08,-45.8667,-67.5,40.86,52,0,1.14,clear sky
561,Nanma,CN,2021-09-27 01:22:38,36.1817,118.1583,65.98,96,100,3.83,overcast clouds
562,Ewa Beach,US,2021-09-27 01:22:17,21.3156,-158.0072,89.55,56,20,12.66,few clouds
563,Chuncheng,CN,2021-09-27 01:22:38,22.1731,111.7886,84.02,78,7,0.6,clear sky
564,Lucapa,AO,2021-09-27 01:22:38,-8.4192,20.7447,68.45,69,100,3.02,overcast clouds
565,Sao Jose Da Coroa Grande,BR,2021-09-27 01:22:39,-8.8978,-35.1478,76.12,84,20,14.52,few clouds
566,Carutapera,BR,2021-09-27 01:22:39,-1.195,-46.02,78.39,81,52,8.34,broken clouds
567,Galle,LK,2021-09-27 01:22:40,6.0367,80.217,77.49,89,100,20.58,overcast clouds
568,Samarai,PG,2021-09-27 01:22:40,-10.6167,150.6667,79.63,85,50,12.82,scattered clouds
569,Grand-Lahou,CI,2021-09-27 01:22:40,5.1367,-5.0242,73.6,96,100,6.98,light rain
570,Hvide Sande,DK,2021-09-27 01:22:41,56.0045,8.1294,61.09,94,100,11.21,overcast clouds
571,Port Blair,IN,2021-09-27 01:22:41,11.6667,92.75,80.53,84,100,12.44,overcast clouds
572,Lagoa,PT,2021-09-27 01:22:42,39.05,-27.9833,66.7,67,46,20.69,scattered clouds
573,Kazachinskoye,RU,2021-09-27 01:22:42,57.6953,93.2761,36.84,89,100,4.12,overcast clouds
574,Lorengau,PG,2021-09-27 01:22:42,-2.0226,147.2712,83.19,76,99,8.99,overcast clouds
575,Bitlis,TR,2021-09-27 01:22:43,38.5,42.25,47.53,50,0,5.5,clear sky
576,Seybaplaya,MX,2021-09-27 01:22:43,19.65,-90.6667,81.9,75,90,9.66,overcast clouds
577,Waingapu,ID,2021-09-27 01:22:43,-9.6567,120.2641,83.71,59,100,6.98,overcast clouds
578,Oranjemund,NA,2021-09-27 01:18:40,-28.55,16.4333,56.84,96,89,8.14,overcast clouds
579,Progreso,MX,2021-09-27 01:22:44,21.2833,-89.6667,75.31,79,9,12.8,clear sky
580,Pandan,PH,2021-09-27 01:22:44,14.0453,124.1694,83.23,81,100,4.34,overcast clouds
581,Cartagena,CO,2021-09-27 01:19:50,10.3997,-75.5144,83.82,89,20,6.91,few clouds
582,Grand Gaube,MU,2021-09-27 01:22:45,-20.0064,57.6608,68.4,89,52,7.0,light rain
583,Alta Floresta,BR,2021-09-27 01:21:57,-9.8756,-56.0861,71.67,88,15,3.29,few clouds
584,Salina,US,2021-09-27 01:22:45,38.8403,-97.6114,82.85,24,1,12.66,clear sky
585,Portobelo,PA,2021-09-27 01:22:46,9.55,-79.65,80.04,86,100,1.99,overcast clouds
586,Moses Lake,US,2021-09-27 01:22:46,47.1301,-119.2781,80.96,18,1,9.22,clear sky
587,Ojinaga,MX,2021-09-27 01:22:46,29.5667,-104.4167,91.42,25,75,5.75,broken clouds
588,Khoy,IR,2021-09-27 01:22:47,38.5504,44.9535,52.05,41,0,0.63,clear sky
589,Altay,CN,2021-09-27 01:22:47,47.8667,88.1167,40.66,36,26,1.52,scattered clouds
590,Los Reyes,MX,2021-09-27 01:22:48,19.35,-98.9667,67.91,55,90,8.05,light rain
591,Chara,RU,2021-09-27 01:22:48,56.9064,118.2631,37.63,98,100,2.21,moderate rain
592,Pachino,IT,2021-09-27 01:22:48,36.7186,15.0907,73.6,74,100,11.41,overcast clouds
593,Ler,SS,2021-09-27 01:22:49,8.3018,30.1418,70.41,93,100,0.92,overcast clouds
594,Chimbote,PE,2021-09-27 01:22:49,-9.0853,-78.5783,63.21,87,56,6.46,broken clouds
595,Atocha,BO,2021-09-27 01:22:49,-20.9333,-66.2333,51.08,43,0,8.08,clear sky
596,Grand Forks,US,2021-09-27 01:22:51,47.9417,-97.4337,64.33,60,1,8.05,clear sky
597,Morondava,MG,2021-09-27 01:22:51,-20.2833,44.2833,73.58,83,3,8.55,clear sky
598,Codrington,AU,2021-09-27 01:22:52,-38.2667,141.9667,61.14,58,11,12.01,few clouds
599,Sorong,ID,2021-09-27 01:22:52,-0.8833,131.25,83.01,73,32,3.0,scattered clouds
600,Trincomalee,LK,2021-09-27 01:22:53,8.5711,81.2335,80.02,81,100,23.33,overcast clouds
601,Margate,GB,2021-09-27 01:22:53,51.3813,1.3862,64.11,98,67,12.08,broken clouds
602,Parabel,RU,2021-09-27 01:22:53,58.6978,81.4825,35.6,93,100,7.72,overcast clouds
603,Artvin,TR,2021-09-27 01:22:54,41.1667,41.8333,47.48,74,0,1.81,clear sky
604,Hualmay,PE,2021-09-27 01:22:54,-11.0964,-77.6139,62.29,85,27,7.07,scattered clouds
605,Santa Isabel,BR,2021-09-27 01:22:54,-23.3156,-46.2214,71.65,81,87,1.72,overcast clouds
606,Phangnga,TH,2021-09-27 01:22:55,8.4509,98.5298,78.91,87,100,0.76,overcast clouds
607,Talara,PE,2021-09-27 01:22:55,-4.5772,-81.2719,65.23,88,51,12.21,broken clouds
608,Middelburg,ZA,2021-09-27 01:22:56,-25.7751,29.4648,59.97,38,5,3.76,clear sky
609,Faya,SA,2021-09-27 01:18:32,18.3851,42.4509,63.12,24,4,3.62,clear sky
610,Suhbaatar,MN,2021-09-27 01:22:56,50.2314,106.2078,41.0,63,100,2.55,overcast clouds
611,Rach Gia,VN,2021-09-27 01:22:56,10.0167,105.0833,82.35,83,61,7.58,broken clouds
612,Road Town,VG,2021-09-27 01:22:57,18.4167,-64.6167,83.19,75,8,10.78,clear sky
613,Talcahuano,CL,2021-09-27 01:22:57,-36.7167,-73.1167,49.68,71,0,12.66,clear sky
614,Innisfail,AU,2021-09-27 01:22:57,-17.5333,146.0333,88.88,56,7,8.32,clear sky
615,Arzakan,AM,2021-09-27 01:22:58,40.45,44.6065,38.98,52,0,0.56,clear sky
616,Caravelas,BR,2021-09-27 01:22:12,-17.7125,-39.2481,73.0,77,100,8.16,overcast clouds
617,Tsotilion,GR,2021-09-27 01:22:58,40.2667,21.3167,57.02,35,0,2.86,clear sky
618,Rundu,NA,2021-09-27 01:22:59,-17.9333,19.7667,63.82,17,0,3.56,clear sky
619,Guarenas,VE,2021-09-27 01:22:59,10.4674,-66.6066,80.55,91,21,1.88,few clouds
620,Tsabong,BW,2021-09-27 01:18:39,-26.0217,22.401,71.64,18,0,11.36,clear sky
621,Los Llanos De Aridane,ES,2021-09-27 01:23:00,28.6585,-17.9182,71.13,50,20,9.22,few clouds
622,Caconda,AO,2021-09-27 01:23:00,-13.7333,15.0667,58.95,66,5,3.71,clear sky
623,Vryburg,ZA,2021-09-27 01:23:00,-26.9566,24.7284,63.1,28,4,4.63,clear sky
624,Somerton,US,2021-09-27 01:23:01,32.5964,-114.7097,94.71,38,1,12.66,clear sky
625,Turkistan,KZ,2021-09-27 01:23:01,43.0,68.0,59.02,61,24,18.28,few clouds
626,Verkhniy Kurkuzhin,RU,2021-09-27 01:23:02,43.6956,43.2747,51.46,58,8,7.65,clear sky
627,Yaan,NG,2021-09-27 01:23:02,7.3833,8.5667,70.75,97,74,4.79,broken clouds
628,Burnie,AU,2021-09-27 01:23:02,-41.0667,145.9167,51.19,69,98,4.23,overcast clouds
629,Mayo,US,2021-09-27 01:23:03,38.8876,-76.5119,66.94,75,1,3.44,clear sky
630,Laguna,US,2021-09-27 01:19:13,38.421,-121.4238,84.24,52,1,5.99,clear sky
631,Qaqortoq,GL,2021-09-27 01:23:03,60.7167,-46.0333,32.5,56,1,4.7,clear sky
632,Fairbanks,US,2021-09-27 01:18:40,64.8378,-147.7164,36.61,73,75,3.44,broken clouds
633,Marathon,US,2021-09-27 01:23:04,44.9,-89.7668,64.18,86,1,4.61,clear sky
634,Moyale,KE,2021-09-27 01:23:04,3.5167,39.0584,67.21,61,36,9.78,scattered clouds
635,Tabas,IR,2021-09-27 01:23:05,33.5959,56.9244,72.7,41,0,2.68,clear sky
636,Milkovo,RU,2021-09-27 01:23:05,54.7167,158.6167,50.76,60,100,1.32,overcast clouds
637,Leeton,AU,2021-09-27 01:23:06,-34.5667,146.4,66.88,39,86,11.39,overcast clouds
638,Rocha,UY,2021-09-27 01:23:06,-34.4833,-54.3333,54.61,94,7,3.76,clear sky
639,Harlingen,US,2021-09-27 01:23:06,26.1906,-97.6961,84.34,83,1,10.36,clear sky
640,Medea,DZ,2021-09-27 01:23:07,36.2642,2.7539,61.25,79,8,0.74,clear sky
641,Aloleng,PH,2021-09-27 01:23:07,16.1307,119.7824,84.06,72,86,4.7,overcast clouds
642,Nishihara,JP,2021-09-27 01:23:08,26.1842,127.7558,87.85,74,40,9.22,scattered clouds
643,Port Arthur,CN,2021-09-27 01:22:35,38.8,121.2667,66.42,91,100,14.2,light rain
644,Nemuro,JP,2021-09-27 01:23:08,43.3236,145.575,64.83,76,0,12.46,clear sky
645,Cartaya,ES,2021-09-27 01:23:08,37.2811,-7.1507,67.17,63,100,12.59,overcast clouds
646,Bandarbeyla,SO,2021-09-27 01:23:09,9.4942,50.8122,79.07,74,7,17.11,clear sky
647,Gliwice,PL,2021-09-27 01:23:09,50.2976,18.6766,59.41,94,17,1.99,few clouds
648,Ordynskoye,RU,2021-09-27 01:23:09,54.3656,81.8994,36.37,96,100,7.67,overcast clouds
649,Atambua,ID,2021-09-27 01:23:10,-9.1061,124.8925,84.51,45,77,1.99,broken clouds
650,Bosaso,SO,2021-09-27 01:23:10,11.2842,49.1816,86.49,53,16,0.85,few clouds
651,Sao Joao,BR,2021-09-27 01:23:11,-8.8756,-36.3667,66.31,91,99,12.44,overcast clouds
652,Goundi,TD,2021-09-27 01:23:11,9.3627,17.366,71.83,92,100,3.89,overcast clouds
653,Verkhoyansk,RU,2021-09-27 01:23:11,67.5447,133.385,37.69,74,91,3.85,overcast clouds
654,Bokoro,TD,2021-09-27 01:23:12,12.3807,17.0568,79.63,62,100,9.01,overcast clouds
655,Xinmin,CN,2021-09-27 01:23:12,41.9908,122.8253,66.29,97,100,9.04,overcast clouds
656,Genhe,CN,2021-09-27 01:23:13,50.7833,121.5167,42.76,75,6,12.28,clear sky
657,Rosario,AR,2021-09-27 01:23:13,-32.9468,-60.6393,67.91,69,0,1.01,clear sky
658,Mananjary,MG,2021-09-27 01:23:13,-21.2167,48.3333,66.99,86,69,2.08,light rain
659,Tambopata,PE,2021-09-27 01:23:14,-12.7333,-69.1833,84.72,47,93,3.15,overcast clouds
660,Umm Kaddadah,SD,2021-09-27 01:23:14,13.6017,26.6876,81.05,56,13,4.07,few clouds
661,Araguaina,BR,2021-09-27 01:23:15,-7.1911,-48.2072,84.87,40,2,5.1,clear sky
662,Mehriz,IR,2021-09-27 01:23:15,31.5917,54.4318,66.7,37,0,5.48,clear sky
663,Itinga,BR,2021-09-27 01:23:15,-16.6131,-41.7653,74.98,63,95,6.06,overcast clouds
664,San Carlos De Bariloche,AR,2021-09-27 01:19:52,-41.1456,-71.3082,35.35,64,0,3.44,clear sky
665,Sembakung,ID,2021-09-27 01:23:16,3.8167,117.25,82.33,84,29,2.06,scattered clouds
666,Pevek,RU,2021-09-27 01:23:16,69.7008,170.3133,31.51,89,100,24.25,light snow
667,Gat,IL,2021-09-27 01:20:05,31.61,34.7642,76.91,100,0,4.14,clear sky
668,Shimoda,JP,2021-09-27 01:23:17,34.6667,138.95,71.96,67,12,19.77,few clouds
669,Sahuaripa,MX,2021-09-27 01:23:17,29.05,-109.2333,81.9,47,0,6.38,clear sky
670,Belgrade,RS,2021-09-27 01:23:18,44.804,20.4651,62.65,72,0,3.44,clear sky
671,Dillon,US,2021-09-27 01:23:18,34.4166,-79.3712,68.81,46,0,5.35,clear sky
672,Umarkot,PK,2021-09-27 01:23:18,25.3616,69.7362,84.76,71,0,8.41,clear sky
673,Pacific Grove,US,2021-09-27 01:23:19,36.6177,-121.9166,71.62,82,75,5.01,broken clouds
674,Antofagasta,CL,2021-09-27 01:23:19,-23.65,-70.4,58.28,81,38,1.43,scattered clouds
675,Igrim,RU,2021-09-27 01:23:20,63.1906,64.4162,30.38,87,20,4.25,few clouds
676,Limbe,CM,2021-09-27 01:23:20,4.0242,9.2149,74.44,88,99,6.73,overcast clouds
677,Tapejara,BR,2021-09-27 01:23:20,-28.0681,-52.0139,58.1,74,0,4.05,clear sky
678,Sura,RU,2021-09-27 01:22:56,53.8879,45.7419,48.9,95,100,11.63,overcast clouds
679,Zhigansk,RU,2021-09-27 01:23:21,66.7697,123.3711,36.27,74,87,22.84,overcast clouds
680,Shizuishan,CN,2021-09-27 01:23:21,39.2333,106.7694,65.41,46,100,10.25,overcast clouds
681,Vao,NC,2021-09-27 01:23:22,-22.6667,167.4833,68.36,63,19,4.74,few clouds
682,Temiscaming,CA,2021-09-27 01:23:22,46.7212,-79.0971,57.67,94,98,2.3,overcast clouds
683,Male,MV,2021-09-27 01:23:23,4.1748,73.5089,79.59,74,100,17.47,overcast clouds
